{
  "version": 1,
  "author": "Matheus Amaral Azevêdo",
  "editor": "wokwi",
  "parts": [
    { "type": "board-esp32-devkit-c-v4", "id": "esp", "top": 0, "left": 0, "attrs": {} },
    {
      "type": "wokwi-led",
      "id": "led1",
      "top": 104.4,
      "left": 313.8,
      "rotate": 90,
      "attrs": { "color": "red" }
    },
    {
      "type": "wokwi-led",
      "id": "led2",
      "top": 133.2,
      "left": 313.8,
      "rotate": 90,
      "attrs": { "color": "green" }
    },
    {
      "type": "wokwi-resistor",
      "id": "r1",
      "top": 157.55,
      "left": 201.6,
      "attrs": { "value": "220" }
    },
    {
      "type": "wokwi-resistor",
      "id": "r2",
      "top": 128.75,
      "left": 201.6,
      "attrs": { "value": "220" }
    },
    { "type": "wokwi-servo", "id": "servo1", "top": -2, "left": 182.4, "attrs": {} },
    { "type": "wokwi-servo", "id": "servo2", "top": -107.6, "left": 182.4, "attrs": {} }
  ],
  "connections": [
    [ "esp:TX", "$serialMonitor:RX", "", [] ],
    [ "esp:RX", "$serialMonitor:TX", "", [] ],
    [ "led2:A", "r1:2", "red", [ "v0" ] ],
    [ "r1:1", "esp:2", "red", [ "v0" ] ],
    [ "led2:C", "esp:GND.2", "black", [ "h-201.6", "v-124.4" ] ],
    [ "led1:A", "r2:2", "red", [ "h0" ] ],
    [ "r2:1", "esp:4", "red", [ "v0" ] ],
    [ "led1:C", "esp:GND.2", "black", [ "h-192", "v-95.6" ] ],
    [ "servo1:V+", "esp:5V", "red", [ "h-48", "v163.3", "h-134.4" ] ],
    [ "servo1:GND", "esp:GND.2", "black", [ "h-38.4", "v-19.2" ] ],
    [ "servo1:PWM", "esp:16", "green", [ "h-9.6", "v67.4" ] ],
    [ "servo2:GND", "esp:GND.2", "black", [ "h0" ] ],
    [ "servo2:V+", "esp:5V", "red", [ "h-201.6", "v28.9" ] ],
    [ "servo2:PWM", "esp:17", "green", [ "h-67.2", "v163.4" ] ]
  ],
  "dependencies": {}
}